Gender,Percent,
Man,0.9538158265277387,
Woman,0.035201351731906506,
Non-binary or Other,0.01098282174035483,
